<?xml version="1.0" encoding="UTF-8" ?>
<!DOCTYPE mapper PUBLIC "-//mybatis.org//DTD Mapper 3.0//EN" "http://mybatis.org/dtd/mybatis-3-mapper.dtd" >
<mapper namespace="com.jk.mapper.UserMapper" >
    <select id="findCarInfoCount" parameterType="com.jk.model.Sell"
            resultType="int">
		select count(1) from t_sells
	</select>

    <select id="findCarInfo" resultType="com.jk.model.Sell">
		select * from t_sells
		limit #{start},#{rows}
	</select>
	<select id="findStaffCount" parameterType="com.jk.model.Emp"
			resultType="int">
		select count(1) from t_emp
	</select>

	<select id="findStaff" resultType="com.jk.model.Emp">
		select * from t_emp
		limit #{start},#{rows}
	</select>


	
	
	<select id="findCarById" resultType="com.jk.model.Emp" parameterType="int">
   select e.id,e.`name`,e.age,e.loginnumber,e.`password`,e.sex,e.phone from t_emp e
LEFT JOIN t_sell_emp se on e.id = se.empid
LEFT JOIN t_sells s on s.id = se.sellid
where s.id = #{id}
</select>

	<select id="findTreeByPid" parameterType="int" resultType="com.jk.model.TreeBean">
		select * from ygq_tree where pid = #{pid}
</select>

	<select id="findEmp" resultType="com.jk.model.Emp">
		select * from t_Emp
     </select>

<select id="findEmpById" parameterType="int" resultType="com.jk.model.Emp">
	select * from t_emp where id = #{id}

</select>
	<insert id="saveUser" >
		insert into t_sell_emp (sellid,empid) values (#{yid},#{qid})
    </insert>

	<!--<select id="findTaskCount"  resultType="int" parameterType="int">
		select count(1) from t_sells s
LEFT JOIN  t_sell_emp se on se.sellid = s.id
LEFT JOIN  t_emp e ON se.empid = e.id
where e.id = #{id}
	</select>-->

	<select id="findTask"  resultType="com.jk.model.Sell">
		select s.address,s.brand,s.cardtime,s.id,s.mileage,s.plate,s.vehicle,s.`



inspectionaddress` from t_sells s
LEFT JOIN  t_sell_emp se on se.sellid = s.id
LEFT JOIN  t_emp e ON se.empid = e.id
where e.id = #{id}
	</select>


	<select id="findConditionCount" parameterType="com.jk.model.details"
			resultType="int">
		select count(1) from t_carcheck
	</select>

	<select id="findCondition" resultType="com.jk.model.details">
		select * from t_carcheck
		limit #{start},#{rows}
	</select>
 
	<insert id="saveCar" parameterType="com.jk.model.details">
		insert into  t_carcheck (mpName,checkTime,carImg,carType,carName,travel,carCondition,regTime) values
		(#{mpName},#{checkTime},#{carImg},#{carType},#{carName},#{travel},#{carCondition},#{regTime})
	</insert>

	<insert id="saveCars" parameterType="com.jk.model.Car">
		insert into t_carcopy (carname,cartype,price,currentprice,img,infoid,audState,state,city,km) values
		(#{carname},#{cartype},#{price},#{currentprice},#{img},#{infoid},0,#{state},#{city},#{km})

	</insert>


	<insert id="SaveDetails" parameterType="com.jk.model.Detalis">
		insert into  t_information (carid,area,fT,cartype,travel,es,color,imports,displacement,speed) values
        (#{carid},#{area},#{fT},#{cartype},#{travel},#{es},#{color},#{imports},#{displacement},#{speed})
	</insert>

	<select id="queryUserByName" parameterType="String" resultType="com.jk.model.EmpBean">
		select  * from t_emp e where e.username = #{username}
	</select>
</mapper>